Structure,Binding Site 000,Binding Site 001,Binding Site 002,Binding Site 003,Binding Site 004,Binding Site 005,Binding Site 006
unrelaxed_model_2_ptm_pred_93,17,14,15,7,4,9,5
unrelaxed_model_2_ptm_pred_86,15,16,12,2,9,10,0
unrelaxed_model_3_ptm_pred_35,13,13,12,11,3,5,8
unrelaxed_model_1_ptm_pred_89,17,17,13,7,9,10,5
unrelaxed_model_3_ptm_pred_54,16,16,3,12,8,5,12
unrelaxed_model_5_ptm_pred_11,21,16,5,11,7,6,2
unrelaxed_model_4_ptm_pred_22,15,15,10,8,5,6,9
unrelaxed_model_2_ptm_pred_22,17,16,10,9,5,7,0
unrelaxed_model_3_ptm_pred_65,13,0,20,11,9,4,0
unrelaxed_model_1_ptm_pred_0,17,15,7,8,10,6,0
